position,A,C,D,E,F,G,H,I,K,L,M,N,P,Q,R,S,T,V,W,Y,*
A1,0.0155,-0.143546536,-0.427233491,0.222590358,-1.012030782,0.81140652,0.360702743,0.508027016,1.168819102,-0.110518972,0.413055912,-0.064551761,0.469266268,-0.377720856,0.586539448,0.728225224,0.667614622,0.923573463,0.977798488,1.285108316,-5.272829553
D2,0.591943066,1.491947276,0.0155,0.778591356,0.724393362,1.228261834,1.030813362,0.396263928,0.330856932,0.779207797,1.034886562,1.266135334,1.397866032,2.873817911,1.912711386,0.479695015,1.090832153,1.898108349,1.178672493,1.387770986,-3.330054422
W3,1.13491538,1.085849821,0.187793883,1.135326463,0.449080626,1.045845241,0.780164333,-2.330054422,2.016748341,1.038650443,0.576836174,1.111172601,1.237901653,1.938498612,0.516656851,1.27344403,1.784729025,1.398703348,0.0155,1.027497583,0.403771465
K4,0.225524272,-0.19575333,-0.932718925,0.632774345,-0.897095015,0.002071765,2.094684478,0.787403159,0.0155,-0.056021017,1.122804543,0.717998576,0.102904985,0.395568486,0.703368579,-0.189275766,0.55679842,0.687867486,0.419652841,-0.039835187,-1.764200744
K5,-0.794844957,-2.638176717,-0.530967116,-0.351428073,0.42483308,0.091849797,-0.326139372,1.543153047,0.0155,0.093254815,-0.821327507,-0.180307303,-0.130983075,0.436047868,0.75323727,-0.720844375,0.064576867,0.070040351,1.472138795,-0.160129421,-2.600702012
V6,0.041504441,-1.888049875,-1.690644137,-4.683691377,0.638730707,0.271669869,-1.20452354,0.749105115,-0.812206117,0.387358375,-2.745091921,-1.897095015,0.316308623,-1.340701666,-0.030846404,0.026956132,-0.361763282,0.0155,0.139430861,-0.230518749,-0.919121321
L7,0.992201521,-0.378309591,0.0155,0.562691991,-0.279182092,0.606048095,-0.697786207,0.80101965,-0.160129421,0.0155,1.299302198,-5,-0.953678543,1.760436112,0.4782456,0.220013288,1.251996483,0.574137024,0.822864154,1.407555089,-1.234130002
D8,0.83502118,0.755478392,0.0155,-0.091416671,1.545127314,0.643281913,-0.323628153,0.498833662,0.588331812,1.155898073,-0.160129421,0.032515657,0.608545033,0.913871161,0.766553902,1.537461935,-0.430218584,0.798450652,1.245862939,0.27158682,-2.482057516
K9,-0.84734198,-3.034598539,-5,-0.766465572,-0.433147915,-1.200095828,0.34237092,-0.008126327,0.0155,0.429994785,-1.20452354,0.020983261,-0.375858112,0.791615411,1.351853635,-1.053214217,-0.448374389,-0.395757669,0.875494489,-3.408056934,-0.604914263
A10,0.0155,-0.928803875,-5.018110416,-0.978291098,-0.004010219,-0.862585484,0.161798674,-0.312132514,-4.860569139,-0.223554801,-0.482057516,-1.683691377,-1.490774733,-5,-3.391083855,0.054375091,0.119024651,-1.382521842,-2.904290516,-0.745091921,-0.882595445
K11,0.839870579,-1.021216327,0.167977249,0.732061027,-0.943318032,0.947677639,0.3129402,-1.213240757,0.0155,-2.307950235,-0.826806571,0.63966551,-1.599042364,0.69683595,0.730544171,0.93062628,0.680161351,-0.113507667,-0.086859767,0.063993889,-2.392420303
D12,1.638612371,-0.629614704,0.0155,0.311939024,2.647225501,0.363160969,0.467901802,-0.382521842,0.087798093,1.351769618,1.218382203,0.700467523,-0.044652203,1.299302198,2.193949198,1.489684224,0.187793883,1.657326091,1.702367056,1.161798674,0.732955375
I13,-0.382521842,-1.382521842,0.126751727,0.765869998,-0.632197865,0.843087292,-0.776800781,0.0155,1.805654864,0.549378178,0.520252645,1.293588547,-1.745091921,1.906541619,1.488221786,0.516331435,0.675239878,0.319038416,0.952080083,1.129377197,-4.20452354
A14,0.0155,0.599736576,-1.957636557,-0.585736162,-2.654894112,-0.04613265,-1.712670444,1.958515076,-2.207435135,1.190180476,0.330856932,1.346223245,-0.848668325,0.479280864,-2.486939737,0.42483308,0.607507869,0.557547002,-1.293985167,-5,-5
E15,0.892612041,-0.093015225,0.572019157,0.0155,-3.967484343,-0.337525672,-5,-5,-0.265739609,-1.160129421,2.062263001,1.062263001,-5,-1.482057516,1.044690371,-0.505264907,-1.034598539,0.510562954,1.046321457,2.697851574,-0.025199841
N16,1.635729863,-3.619561039,0.111950125,-0.474238011,1.000335252,0.916298526,1.01553195,1.451305291,0.22768661,1.363432535,2.03717202,0.0155,0.239478038,0.332910591,1.193507534,0.797226242,0.546139376,0.782385085,1.356929016,2.714339697,-4.619561039
R17,1.280443171,1.261510813,-4.597534733,0.31948008,-0.160129421,0.293127401,0.292382784,1.408154339,1.049323945,0.861020414,0.277275892,-2.449636038,0.159959675,-0.177616847,0.0155,0.532845307,1.617478158,1.278312683,-1.364487919,-0.285660303,-5.745091921
V18,0.584941223,-1.07766726,-2.361763282,-1.034598539,-0.562566883,-0.392790177,-1.745091921,0.489928108,0.119978499,-0.348790985,0.890496652,-1.259665094,-1.292579717,-3.107662001,-1.368022272,-0.109856214,0.839870579,0.0155,-5,-4.330054422,-4.915016923
R19,1.299302198,0.59035098,0.123663545,0.358337668,0.610388733,0.782155081,-0.160129421,-0.508052724,2.309355863,1.327710613,1.380438961,1.272829987,-0.778258785,1.443211609,0.0155,-0.80167545,1.770607917,1.820241773,0.1502107,1.151072268,-5
E20,1.203417763,-0.39891628,0.375157921,0.0155,1.015720415,1.398066171,-0.423163826,1.760436112,1.17521919,1.119293946,0.953942346,0.531748284,-3.289412438,0.88013445,1.27207187,1.728553556,0.839870579,1.434714592,1.574346621,2.42483308,-1.171717395
L21,-0.673014243,-2.103545892,-2.683691377,-0.735244135,0.491947276,-3.146608281,1.765869998,0.062263001,-2.315407646,0.0155,2.087798093,-3.619561039,-0.892937389,0.129377197,-1.163626865,-0.931652237,1.569604604,-0.333075774,-5,2.147299105,-3.784620286
K22,0.37902939,0.161798674,-3.619561039,-0.222190389,-2.275606638,-0.96282798,0.817150503,0.981226429,0.0155,-1.704449937,-3.160129421,-0.043553844,-0.688508393,0.398837872,0.30699659,-1.355145403,-0.332310396,-1.021153008,-4.303087374,-5,-1.556058097
Q23,0.463307228,0.537307809,-0.209039021,0.216433931,0.839870579,0.450895377,0.961861104,1.254908079,-0.239200992,-0.037793878,1.741690185,0.955347797,-0.251871989,0.0155,0.557977146,0.753713936,1.388307204,-0.271637736,1.264368408,0.337370239,-0.121655273
K24,0.080878679,-2.967484343,0.50545154,-1.202564687,-3.57516692,0.086740166,1.285670332,0.498833662,0.0155,-0.94440073,-0.5226995,0.376327879,-1.253238825,0.076310775,1.813999682,-0.354945598,0.600262022,-1.332082103,-2.64125611,0.50545154,-3.967484343
L25,-2.250731969,-0.335979256,-5.408056934,-6.34995398,-1.160129421,-1.982620052,-5.067020016,1.505003429,-5.482057516,0.0155,0.005155194,-5,-0.588972719,0.540310297,-1.87978513,-7.215411856,-0.241429523,-0.783980935,-3.941489134,-0.120601056,-4.597534733
E26,0.986711968,0.839870579,0.218382203,0.0155,-5,0.486170711,-0.063914105,2.736034768,0.567791034,-1.267044625,-1.596228535,2.304538846,-5.369582786,0.526371107,0.555006809,0.339716466,0.291566549,0.344940279,0.741186304,-4.408056934,-0.419516049
E27,0.968345137,0.325297407,1.05777561,0.0155,2.334635271,1.265522564,0.411027281,1.100106352,1.817150503,1.112396434,1.797642344,0.639571929,-1.457809969,1.574858524,1.814619902,1.539697037,2.123543155,0.819502782,0.548296767,1.049323945,-2.651982517
F28,-0.248046582,0.27856146,-2.86115153,-3.2487987,0.0155,-0.978063685,1.6518568,0.772972873,0.738090923,1.425636405,1.702730175,0.209183711,0.992631344,-1.65585231,1.0656053,-0.371593264,1.668956682,0.988065521,-0.458748374,1.430538063,-0.81925802
Y29,0.624803124,-0.922010168,0.274919419,0.541189266,-0.443271397,-2.246184111,0.087037596,0.12881572,-0.045793359,0.07495485,-0.197599668,-1.069723576,1.14781495,1.293807671,0.637304804,-0.305971596,-0.961179895,-0.123521638,0.085950134,0.0155,-0.639541882
K30,0.291183837,-0.949768924,-0.007336666,0.162160448,0.790556974,0.131718293,0.804346564,-1.201332396,0.0155,0.093891084,0.283277972,0.635084423,-0.374752397,0.122167478,0.853270072,0.101151327,0.622738647,-0.257223095,0.652947845,0.280437619,-1.664588026
E31,0.537306368,-0.239038858,0.400574242,0.0155,0.544900442,1.300890148,0.098715785,1.385290219,0.142498232,1.09806964,1.101156378,0.300641339,-0.084738325,0.938931796,0.373846119,1.278995174,1.745123809,1.151595575,0.812453237,0.538087719,-0.985375395
A32,0.0155,-0.363777154,-0.100466162,-0.237103555,0.904923967,1.147556007,0.545622379,-0.996542868,0.315434961,0.851754871,-1.160026964,1.467452076,0.713598517,-0.080769323,0.241975464,1.089184684,0.640870052,-0.053012088,-0.193949935,1.355278114,-1.113151065
M33,-1.312334259,-0.660307649,-3.21978649,-0.859227521,0.11789742,-0.701970024,0.605586919,0.24315777,1.225851675,0.235326494,0.0155,-1.570750461,0.807773159,0.430620436,1.13276263,-0.258736302,1.385939569,0.130543688,-1.079121973,0.522125215,-2.616506146
K34,-0.970454824,0.02894141,-0.172100658,-0.24925852,-0.217578665,-0.104764424,1.010743721,0.627346432,0.0155,0.697174014,0.368229337,-0.121360727,-0.550925621,0.068171999,0.700533295,0.097742403,0.450164871,0.805545241,-0.157594355,0.171497982,-2.726450385
L35,0.794808409,-1.561011919,1.015125462,1.014951387,0.388269766,1.441703596,0.256854295,0.940814444,1.35671288,0.0155,0.927823245,0.812570394,0.863729706,1.048206916,1.092186771,0.976566054,1.21010529,1.148304086,0.367770727,-0.645804282,-2.772163898
D36,0.317638844,0.374099624,0.0155,0.476638267,-0.080464665,1.473690888,0.419288747,-0.527096224,0.345376447,0.851598385,0.316533335,0.404948035,-0.323082869,0.554407715,0.691627966,0.540840032,0.871209988,0.286880115,0.474510382,0.344641784,-2.960763408
L37,1.457397876,-0.128258045,1.765053954,0.009018967,1.16071365,-1.007312826,1.491823534,0.841379912,0.422390436,0.0155,0.570645872,1.232315429,0.974506923,1.593434957,1.393439225,0.942390176,1.661544017,1.089390385,0.653303435,0.807534948,-3.56280032
T38,0.576999551,-3.326932034,0.533346497,0.170587966,-0.921221259,0.492952632,-0.080395326,-0.479857977,0.430823801,-1.154231494,-0.786907539,0.488209052,0.880137833,0.486675384,0.663109202,0.577213264,0.0155,-0.005149596,-1.084428812,-0.651368813,-3.61392554
Q39,0.227479843,-4.039336957,0.362388076,0.41571314,-3.76091529,0.421424295,-0.017352898,-1.093975338,0.627470543,-0.163837196,-0.99731105,1.955266526,0.604273738,0.0155,0.59220265,0.580687823,0.169382435,0.698625849,-2.552797462,-0.948256631,-1.784553572
E40,0.972406171,-3.529817846,0.759179059,0.0155,0.720598681,1.096938073,0.484781743,1.125340734,0.819530767,1.271619298,0.937599351,0.317065236,0.812464741,0.08278716,0.64546371,0.49253477,1.184921489,1.474517809,-0.360813957,-0.117227468,-1.662538918
M41,-0.051974078,-3.347729675,-1.67537322,-3.569432747,0.878541343,0.163162391,0.002855976,-0.156084389,0.764656794,0.711146996,0.0155,0.430732867,-1.02570365,0.843126325,0.697776915,-0.393189533,0.076094773,0.394207244,0.357576021,0.957836489,-6.610302407
R42,-3.778030087,-1.817076174,-3.864258243,-1.193065364,-3.916526676,-1.793321252,-0.868886271,-0.851544611,0.018906621,-0.367304486,-2.121039784,-2.413767795,-1.108080761,-0.861985062,0.0155,-0.532359669,-0.519457956,-0.73994328,-5.1437196,-2.281306719,-3.981313329
R43,-5.421233577,-2.184890971,-3.871572614,-4.885686736,-7.527514911,-2.589749937,-1.407115886,-3.379323172,-0.525923667,-2.689106064,-2.600712362,-2.730441269,-3.402372638,-3.296972811,0.0155,-0.769499404,-5,-4.2223774,-3.01478864,-5,-4.575291808
K44,-0.690381763,-0.950036055,-0.964568779,-0.668645822,-0.540902851,-0.838992451,-0.857157735,-0.456064928,0.0155,-0.844410286,-0.67412551,-0.337143478,-0.482812323,-0.379842342,0.093341792,-0.686852491,-0.198532189,-0.881501226,-0.717691248,-0.810455709,-0.862520824
L45,-0.65450078,-3.458891462,-5,-7.278865588,0.989822604,0.622449883,-1.89689011,0.144930066,-4.529158325,0.0155,-0.212391935,-0.554203455,-0.571456071,0.150415605,-0.276990779,-0.317663979,-0.036866119,0.592273899,0.704127986,1.031374137,-3.445326734
M46,-0.597610754,-6.309671635,0.808366625,1.011663535,-2.535791418,-1.495586721,-1.140295709,-0.736713085,-1.913763928,-0.79565013,0.0155,0.264573313,-1.681461636,0.583735731,-3.104998305,-0.58618927,0.710014944,-0.680419482,-5.114120826,-1.793796617,-5.77463436
L47,-5.582830258,-4.974621413,-5,-5,1.323790929,-7.83705686,-4.936028504,-1.293780262,-6.299475868,0.0155,0.173976221,-5.651777612,-2.341094274,-4.612051334,-3.292028052,-5.572141496,-5.691305976,-2.315635658,0.443139792,-0.659157142,-4.046056551
R48,-3.866516461,-3.811288242,-7.789281136,-7.88784497,-4.583135946,-2.538231371,-4.102439021,-2.213791388,-1.098523971,-3.243465211,-2.357863893,-3.189671859,-3.310484192,-1.529158325,0.0155,-1.499410982,-3.801269486,-2.817322852,-4.967279438,-2.715740671,-3.032867779
W49,-3.827349176,-2.454969316,-1.574962015,1.713799216,0.534449202,-3.378934298,-0.24846119,-5,-5.407852029,-2.128971587,-6.042567565,-5,-2.885208305,-0.035379418,-1.076995992,-4.210009747,-6.796549136,-3.438225678,0.0155,1.201411964,-2.273135126
I50,-5.904499643,-3.944195825,-4.329849517,-6.277711894,-1.317465793,-6.174874857,-5,0.0155,-6.336513247,-2.803780705,-3.789974906,-2.062627314,-5,-5.057164941,-5.818887598,-3.322195944,-2.916255435,-0.308023155,-6.141016053,-5.99281453,-7.947827075
A51,0.0155,-6.118767191,-7.839404615,-0.598568628,-7.513071341,1.21995524,-5,-5.369377881,-7.445326734,-5.052720281,-5,-5,-3.005056088,-6.171151771,-6.16684393,-1.7291197,-3.977900553,-3.61103127,-5,-5,-3.275401733
A52,0.0155,-4.329849517,-5,-2.495691518,0.587309414,-0.486231051,-2.76196053,0.040013055,-2.145424946,-0.618734417,-0.678055508,-6.388743206,-1.845490957,0.71808496,-1.976355616,-0.821601982,-2.692419596,-0.086160461,-2.321387938,-6.017905511,-5
M53,-4.342127847,-5.141777169,1.031771109,-0.915819838,-0.055587856,-3.413681108,0.68087689,-1.144657759,-2.778834348,0.315018735,0.0155,1.125477703,-4.529158325,-1.029863975,-2.494549678,-0.644520058,-1.569648215,-3.150009047,0.402832191,-0.179033339,-2.501615865
L54,-5,-5,-5,-5,-4.729780124,-7.16856861,-5.789281136,0.828934927,-5,0.0155,-0.587345739,-3.574962015,-2.113274422,-4.651777612,-4.288457886,-7.289207533,-7.193347517,-3.390391059,-5,-5,-3.724709134
M55,-0.365191472,-4.162804391,-3.003606447,-4.690752042,-1.683786341,0.660440912,-3.704542156,0.53741124,-1.884510518,-1.37366277,0.0155,-2.260606446,-3.872504757,-4.618101839,-0.611439983,0.186716886,-0.293395833,0.26798591,-1.644652501,-2.532131282,-2.302417199
A56,0.0155,1.014446598,-5.251466261,-1.433470486,0.384346292,0.283311847,-0.940056992,1.342258461,-3.546295512,0.981850019,0.879252635,-0.23299848,0.361958996,-0.338677982,-2.848704936,0.225404261,1.147203262,1.419250402,-1.379682534,-1.940946396,-2.171534584
I57,1.955999008,-4.194158843,-5.753977286,-4.648870923,-0.126945111,-2.447611217,-5,0.0155,-5.210604098,-0.434798954,0.034149659,-2.160940313,-2.970869971,-5.156472991,-3.418366421,0.651198434,1.033685654,0.763846489,-2.19975286,-3.081365012,-2.852568225
G58,-3.831224202,-3.274222613,-2.353197133,-6.556640263,-3.540396579,0.0155,-5,-5,-5,-7.429225064,-3.573474275,-5,-5,-4.282556851,-5.816345518,-2.663334291,-5,-1.949996108,-3.921712196,-5,-3.034549064
D59,-2.135283105,-3.272336842,0.0155,-0.511133569,-1.862534702,-2.151803731,-2.183658231,-5.685856844,-5.516946306,-3.217679863,-2.752072183,-1.215678091,-4.100580634,-4.695793135,-5.723821183,-2.937382287,-4.322540906,-2.468473989,-2.975019475,-1.400688941,-2.704601975
I60,-2.158697643,-3.026002651,-6.040957889,-4.787445716,-0.839408825,-2.48856765,-5,0.0155,-3.359327342,0.521282709,0.205677429,-1.447855443,-2.927567325,-5,-4.758680673,-0.372851071,-0.366381556,-0.000124482,-3.812691661,-2.083320466,-6.470298373
F61,-3.656635497,-1.151830338,-5.346738038,-2.64719954,0.0155,-4.766881522,-1.830828776,-0.580454295,-5.456299569,-0.246825125,0.11853457,-3.862258434,-4.797160571,-4.866811859,-3.900052603,-2.701460954,-0.781824359,-0.933281539,0.689409727,1.379032,-2.665372368
N62,0.601510926,-3.425886785,0.037233662,-0.124452745,0.465162461,0.933993737,-0.620068537,0.379600456,-0.789042967,0.665645195,1.057534102,0.0155,-0.677518262,0.392578833,-2.167662534,0.355099544,0.654896273,1.15922157,1.310289649,-0.335882011,-3.036849871
A63,0.0155,-0.552082604,-0.420845555,-1.284232679,0.944885754,-0.528314705,-1.254924383,1.541695765,-1.210505762,1.465753653,1.416847639,-1.764188324,-0.745533683,-1.445226775,-1.453196024,-0.125826934,0.434079552,1.152594971,-0.399526299,1.0355216,-2.315271475
I64,0.489691004,-1.243219761,-1.403517563,-1.893138919,-0.251385601,-0.137340502,0.772983414,0.0155,-1.743414623,-0.101765864,0.486433026,-0.260782511,-3.317976749,-0.142693619,-1.890148659,-0.098537332,-0.191458971,-0.085441547,-0.396342326,0.851157002,-3.617116168
R65,-3.816173385,-5.47919503,-5.141456379,-5.338552393,-2.176583078,-2.600959419,-0.731302594,-2.031433033,-1.250279251,-4.599454344,-3.476689206,-1.709783217,-7.544751834,-2.704347619,0.0155,-1.0013214,-3.977866419,-3.856481461,-0.402919122,0.387536356,-2.238745633
Q66,0.210118953,-4.024869783,-5.160983946,-1.32341488,0.24553828,-0.189939467,-0.318410555,0.766552376,0.492602759,0.548630843,0.759385274,-0.659255406,-1.022459218,0.0155,0.962381408,-0.397319717,-0.658289571,0.766708186,0.69701783,0.54366145,-1.508402281
A67,0.0155,-1.866357003,-7.393010149,-2.409121131,-1.569786938,0.502288021,-1.061496488,-2.444951598,-0.469452041,-1.590830847,-0.948112639,-3.458694994,-1.533303541,-2.394881329,-0.059439491,-0.087153533,-0.745220359,-1.891144049,-2.402530985,-3.949620136,-2.328647878
K68,-2.134105403,-6.091855018,-3.624513473,-1.535773747,-2.624782257,-1.433999341,-2.795809101,-3.020777597,0.0155,-3.370888567,-1.386096918,-0.095695608,-1.906235993,0.097621396,0.290144683,-1.40496094,-0.614458602,-2.191034313,-2.327679888,-1.890905982,-2.279356558
Q69,0.317082012,-3.248428679,-2.046013767,-1.393754339,0.703600927,0.406507388,-0.429613879,0.103774089,0.720491057,0.695066258,-0.139248152,1.229547773,-0.521423493,0.0155,1.331045726,0.50132814,0.292972019,0.007927353,0.566461797,0.206000127,-2.349212167
E70,1.547086714,-0.191601149,0.474658879,0.0155,2.087148606,1.473833214,2.179109483,1.943578619,2.111927564,2.047283514,2.465743431,1.472640205,-1.838249459,1.745904172,2.334356637,1.067687468,1.242078406,1.950094432,2.039268329,1.98181634,-1.103406235
A71,0.0155,-1.722228957,-3.178620122,-1.42655455,-1.079410518,0.438752862,-2.75135632,0.741831987,-4.36669247,-0.841785092,0.710123127,-5,-3.558223927,-2.843657718,-1.899708247,0.148307473,-0.542943109,-0.674269054,-2.312244686,-2.343608857,-3.554319473
D72,1.078761371,-0.826124088,0.0155,0.666398317,0.35962588,0.77316038,1.090809122,0.218270031,-1.36669247,1.041154651,1.380021101,-0.682194295,-0.024586493,1.432049322,-2.406649251,1.055506243,0.468365381,0.847502799,1.329493076,0.734845557,-4.178620122
K73,-1.670698657,-2.781729969,-4.135366924,-2.261618613,0.459930786,-2.027734948,-0.994274604,-0.953496317,0.0155,-1.354308745,-0.62486112,-1.211414244,-2.842759402,-1.577589252,1.365931577,-1.149461753,-3.00412239,-0.862253674,-0.090590279,0.63425636,-2.115847473
L74,0.347996204,-1.381192039,-4.174047392,-1.478180403,0.092739149,-0.20392726,-0.093673975,-0.27476998,-0.014564137,0.0155,0.40705406,-0.317061702,-1.025781271,-1.032136766,1.110623913,-0.922906032,-1.476875387,-0.929980928,1.086578164,1.426162883,-2.175393817
K75,0.562039174,-2.518695563,-0.263881664,-0.06953228,1.167286102,-0.199461577,0.410915109,-0.083110686,0.0155,-0.57989572,-0.001216659,0.175002577,-1.891912887,-0.352285046,0.730402421,0.306445842,0.220959119,-1.171923397,-0.485112963,0.303661522,-1.908046419
K76,-0.775993599,-4.886066629,-3.210573268,-1.73733585,-1.264938971,-0.947358326,-2.326050485,0.516928347,0.0155,-0.227248075,-0.076927698,0.063468304,-1.48894822,-0.730383089,0.834045654,-1.293791923,-0.678300379,-0.395748503,0.101573806,-0.80820218,-3.400639802
A77,0.0155,-1.99745866,-0.958607731,-0.614555579,1.656683868,0.507851591,0.803232532,0.752606459,0.885694692,0.563849394,0.631961105,0.317805705,-0.542364469,0.782473972,1.276381029,0.231185919,0.617081216,0.427816453,1.529622925,1.087025498,-2.735926279
G78,0.057951669,-1.972061181,0.246466923,-1.009681916,-2.109304627,0.0155,0.935144207,-2.670698657,-0.695220976,-1.300603279,-2.08025346,-0.341157378,-5.262856659,0.872495194,1.37976641,0.421109655,0.046275462,-2.701656377,-0.848039314,-1.481220858,-2.354308745
L79,0.074170595,-2.299564772,-1.61750455,-1.077127522,-0.030790415,-0.578832761,-0.292087768,-0.580287645,0.632523235,0.0155,-0.231896275,-1.535375424,-1.314908136,-0.530853963,0.642292505,-0.308072947,0.559656977,0.137198977,0.013210891,0.623023594,-3.448209583
V80,-0.180863579,-2.815705314,-1.717565324,-2.440783925,-0.240448438,-0.117476653,-3.131673107,0.085063814,-1.792073054,0.749986643,0.058324906,-1.130966593,-2.527463038,-2.258006044,-0.804396302,-1.468623338,-0.829397281,0.0155,-0.883137074,-2.544691596,-3.237840199
N81,0.593213149,-1.740436654,0.294455769,0.804815948,-1.296004406,-0.25328959,-0.48129901,-2.908562831,0.844888673,-1.886369916,-1.902521839,0.0155,-0.201256912,0.667718561,0.084005638,0.190216104,0.847805209,-1.218477026,-2.16877223,-0.63494136,-3.446739486
S82,-0.177813214,-1.166236609,0.06589847,0.810543001,-0.186500274,0.245511064,-0.419750775,-0.017784453,0.635418971,-0.310559457,0.578559452,-0.122191635,0.479540811,0.3765099,0.621248348,0.0155,0.09371247,0.915128635,-0.774314003,-0.509732916,-2.779550797
Q83,0.04753854,-0.222763748,0.416763029,0.292823902,1.089627612,-0.570220163,0.23945886,1.023279962,-0.014004729,0.064007531,-0.386110746,0.138929843,-0.848023564,0.0155,0.326394139,0.823940949,0.553548936,0.270902107,-0.035186235,-0.202437044,-1.562285833
Q84,-0.171666922,-0.100868284,0.437103903,0.645702307,-2.049995256,-0.573555207,0.260788333,-0.505833564,-0.343445515,-0.636459194,0.035634517,0.970152789,-0.448090213,0.0155,-0.083825096,-0.626397772,0.175564539,-0.58940677,-2.668209773,0.376319809,-1.884369055
L85,0.565335557,-0.420317493,-0.455808942,-0.204589213,0.293751295,0.102988304,0.204685615,-0.073406978,-0.160428577,0.0155,0.265274514,-0.405002159,-1.758178449,-0.803330577,0.187636388,-0.315617976,0.342486473,0.538607211,0.431019099,0.645145421,-2.009855612
D86,-0.361842512,-1.843612393,0.0155,0.449467419,0.542179673,0.090871083,-0.004482857,0.947692626,0.356034234,0.629309833,-0.026937161,0.841351421,-1.181086838,0.122717284,-0.078997506,0.443076786,0.268905732,0.530939551,0.134361177,0.836105385,-2.385253811
E87,0.212477436,-1.237470323,-0.729658549,0.0155,0.566089516,-1.428935336,-0.086751143,0.008251069,0.428873067,0.17243655,0.290443057,-1.029128127,-1.373340236,0.552904959,-0.837243504,-1.417821602,0.255376002,-0.360203428,0.090409485,-0.954293939,-1.4751142
L88,0.152383305,-0.486416673,-2.224647717,-1.819549827,1.040999114,-0.370100434,-1.872605877,1.659895645,-0.927502354,0.0155,0.317112755,-0.304916951,-1.507437671,-0.32146897,-0.963297529,-0.739133045,0.3344226,0.585075814,-2.1912977,-0.201151373,-2.696294787
K89,0.072536044,-1.538776566,-1.385715435,-1.147254124,-1.806821725,-0.405635675,-0.124618567,0.252566015,0.0155,-0.712759013,-0.740792544,-0.109128942,-3.010941244,0.035845836,0.919069021,-0.089375891,-0.74057542,0.094283244,-1.085469684,-0.303160814,-2.391212807
R90,0.776061219,-1.015438721,-0.878508995,-0.07327948,-0.271669688,0.511701677,-0.252303105,0.595637279,1.244436696,0.89626462,0.289590261,0.930302863,-2.038866023,1.470542475,0.0155,0.409881249,0.270781077,0.467341404,0.026823299,0.823131313,-3.214057623
R91,0.860543846,0.01104553,0.498965814,0.568532868,-0.502143177,1.275396821,0.691734329,-0.361226977,0.665727711,0.212015672,-0.652254501,1.049229409,-0.506889269,1.254112381,0.0155,0.735866506,0.363492823,0.447122985,-0.276455031,1.072532559,-3.240168361
L92,-1.347712284,-2.657531215,-0.749919913,-1.349529658,-0.864355017,-2.05855473,-1.006887903,0.286866997,-1.64540802,0.0155,-1.088976518,-3.639057433,-1.47046317,-1.388451729,-0.090033277,-2.614822541,-0.955618582,-1.298867612,-3.41351453,-2.729534931,-2.912769854
E93,0.433878325,-2.33518671,0.278327198,0.0155,-0.488383063,-0.017125299,0.627343785,0.167285026,-1.429870848,-0.036509266,0.533624448,0.468364462,-2.955535873,0.392639738,-3.441658323,-0.193951337,0.388433682,-0.399224306,-0.848193594,-0.650552728,-1.254861506
E94,0.79639933,0.485169661,0.413064634,0.0155,0.656606696,1.098511116,0.739659122,0.747688111,1.453065593,1.131490165,0.81367229,0.775236539,-0.925326533,0.948472929,0.813905904,0.386561155,1.153330367,0.371812213,-0.045591854,0.126192462,-0.337556806
L95,0.740672758,-4.890244941,-0.640841039,-0.704059761,-0.951058042,-1.983440501,-4.216215787,-0.324873395,-0.202792079,0.0155,-0.002483187,-4.842842398,-1.126095099,-0.457985953,-0.077294798,-0.652050542,0.346674688,0.34672705,-1.515948319,-5,-3.622252862
K96,-2.293043326,-5.946117295,-1.466574258,-0.914267893,-3.882267604,-1.620680731,-0.774236736,-1.851565207,0.0155,-2.136885479,-2.004532461,-0.053033222,-4.686889607,0.041481195,0.604283951,-0.955607652,-1.970633291,-5.297880881,-2.75614626,-0.323549078,-2.219770016
E97,0.3863252,-5.897209452,0.20439559,0.0155,-1.242573424,0.549689911,0.536126196,-0.805578977,-0.035488827,-0.768236393,-0.83983519,-0.196769734,-1.611807234,0.530797162,-0.694830034,0.57847083,0.237950131,0.132294542,-2.839536687,-3.579239371,-2.23463792
E98,0.099471717,-0.912976768,0.332339532,0.0155,0.492529426,-0.000328288,0.073877856,-0.724016737,0.422140098,-0.58849986,0.056263279,0.529368829,0.014285143,0.095411017,0.905873188,0.405894768,-0.409430618,-0.058140863,0.726926898,0.412440313,-1.098922411
A99,0.0155,-0.943483305,-1.575281358,-0.188104873,-0.533804722,-1.15858654,-1.450526327,-1.492225618,-1.081292517,-0.242284394,-1.455504003,-1.389414812,-1.942196907,-0.099472533,-1.185334839,0.750211883,-0.522345606,0.015533869,-1.480223681,-1.583792857,-3.874841639
S100,0.009971687,-2.299131452,-3.671549317,-3.078125238,-1.538689304,0.169064557,-2.054750729,-2.354311011,-4.178622388,-2.529753018,-2.985265629,0.180084571,-1.196769734,0.09499639,-2.643569796,0.0155,1.423126556,-4.500550483,-2.327473426,-0.563827205,-1.721860779
R101,-0.409921483,-1.595319111,-5.160243858,-3.506097792,-3.854981217,-1.678511515,-0.107132522,-0.693445703,0.479935335,-0.993952851,-0.684707781,-1.800841058,-2.185798617,-1.693601325,0.0155,-0.508827585,-0.301739294,-0.230594612,-4.166396085,-2.566003544,-6.759012159
K102,-0.456352715,-1.897209452,-0.51395991,-0.875668636,-1.528613298,-1.036245881,-0.868715537,-1.180650069,0.0155,-1.916661815,-0.695020602,-0.008565999,-5.571809166,-0.785767748,0.090895536,-0.898286493,-0.654352929,-2.625907431,-4.072963533,-2.044766641,-1.366694736
A103,0.0155,-0.88766568,-1.926122144,-3.920796273,-3.029659749,-0.080303256,-3.196769734,0.667168716,-2.887085235,-0.971210034,0.158889218,0.48772844,-2.629729142,-0.3623558,-2.799010227,0.553252013,1.314192185,1.232295757,-4.50419826,-4.079412784,-1.30827805
R104,-1.464965845,-2.539914315,1.368293209,-1.823857711,-6.219137547,-1.366195274,-1.035488827,-5,1.276646114,-3.049928346,-3.768311719,0.272715549,-3.419162156,-1.595319111,0.0155,-0.995354447,-3.863526326,-8.294801817,-4.245132756,-5.079412784,-2.038071988
D105,0.202586143,-0.019465203,0.0155,0.456809378,0.380997265,0.27096715,0.327651224,-1.09489012,0.511767451,1.302801275,0.531928244,0.677699384,-4.366694736,-0.058164496,0.955496601,-0.402906265,1.271009227,0.876226089,0.307272771,0.017914592,-3.542544571
Y106,1.301136032,-0.52647518,-0.606532292,0.147759789,-1.134305647,0.244935715,0.811792279,0.324576667,-0.237411719,-2.012345163,-1.45980414,-0.493751472,-3.241163854,-1.933735329,-0.22591608,-0.047022615,0.277910711,-0.187491921,-0.617101533,0.0155,-0.637959521
G107,-0.056044709,-0.533365879,0.881942242,-0.45980414,-4.241163854,0.0155,-4.575281358,-5,-5,-5.656201353,-1.757484689,-0.179067733,-7.150966045,-3.832358308,-3.679433659,1.475542901,-3.081292517,-3.15256993,-0.557171977,-0.949676872,-1.602026213
R108,-1.314606225,-1.592254436,-0.945961631,-2.327473426,-5.241163854,-1.611253947,-0.803427306,-5,2.262661884,-2.902026469,-5.781732235,-0.583792857,-2.479703698,0.252215097,0.0155,-0.419162156,-0.926680571,-3.917868923,-3.990318857,-5,-3.017799593
E109,0.306752707,-5,0.142947674,0.0155,1.610585188,0.304424409,0.455306962,-1.781732235,0.615603262,0.272715549,-0.533804722,-3.781732235,-4.004124656,-0.559339814,1.580254112,0.153727513,-2.566003544,0.059570019,1.665726742,-5,-1.196769734
F110,-1.382124776,-0.925467713,-4.415938255,-3.075463438,0.0155,-1.64827879,-1.656201353,-2.174049658,-2.016688118,-1.887494298,-1.836773599,-2.20799699,-3.312246952,-4.124876816,-1.879912629,-0.614496321,-0.879579558,-0.970572097,-0.134574973,-0.73180701,-3.811479578
Q111,-3.083268541,-4.589087157,0.512640137,0.193766803,-3.384396738,-2.538128359,0.005538441,-3.127507072,-1.501210403,-2.572408416,0.354472149,-0.196769734,-1.433306338,0.0155,-1.754203828,-1.45980414,-1.044766641,-2.653898567,-1.755260024,-6.482171953,-1.309244464
L112,0.419219662,-0.059266211,0.102790548,-0.014566403,0.00067633,-0.575962035,-1.174049658,0.204592828,-0.711342907,0.0155,-0.758648622,-0.732822635,0.311170346,0.300729925,0.014734371,-0.942586246,-0.848846431,-0.140553725,-1.897209452,-1.611807234,-3.366694736
K113,-2.373647496,-2.13536919,-1.798805748,-1.968145359,-3.821260599,-1.865022578,-1.166396085,-2.35204796,0.0155,-1.007291935,-2.317063968,-1.179067733,-0.820206383,0.716352815,-0.402416658,-0.940429981,-1.23329561,-1.658100886,-2.081292517,-6.826126354,-1.401128233
L114,1.191359891,-4.506624997,-1.095840826,-0.357234407,-0.343611123,-0.856881263,0.509499063,-0.104203616,1.867883224,0.0155,0.432586886,-0.46525857,0.782619986,-0.051339295,1.619481588,0.285546718,0.100616176,0.755533524,-0.59657272,0.358748988,-1.175396084
E115,-0.184100542,-5,0.419219662,0.0155,-4.840625924,-1.575281358,-1.981041043,-2.10366033,-0.035707302,-2.656201353,-5,-2.398403596,0.230651489,-0.196769734,0.665726742,-0.693003316,0.42708178,-1.717026546,-3.429430491,-4.226517078,-0.293405517
Y116,-0.029042289,-0.483650882,0.146532011,0.139279469,-1.45980414,0.940733789,0.614196441,-1.518697829,0.915704995,-0.546354172,-1.004124656,-0.326830275,-3.611807234,1.252537667,1.489476102,-0.019484844,0.192272556,-0.39907791,-0.170774526,0.0155,-0.069014187